{
  "metadata": {
    "total_students": 36,
    "total_criteria": 30,
    "original_criteria": 30,
    "grouped_specific_criteria": 0,
    "evaluation_date": "2025-12-23",
    "grouping_applied": true
  },
  "criteria": {
    "Error Handling": {
      "display_name": "Error Handling",
      "students": [
        "38989",
        "38959",
        "38951",
        "38952",
        "59373",
        "38977",
        "38963",
        "38955",
        "38982",
        "38950",
        "38958",
        "38964",
        "38966",
        "38992",
        "38970",
        "38962",
        "38979",
        "59375",
        "38993",
        "38988",
        "38986",
        "59378",
        "38973",
        "38990",
        "38971",
        "38960",
        "38953",
        "38980",
        "38954",
        "38985",
        "38981",
        "38984"
      ],
      "count": 32,
      "weight": 0.8888888888888888,
      "category": null,
      "specific_criteria": [
        "Error Handling"
      ]
    },
    "PRD Document": {
      "display_name": "PRD Document",
      "students": [
        "38989",
        "38959",
        "38951",
        "38952",
        "59373",
        "38977",
        "38963",
        "38955",
        "38982",
        "38950",
        "38958",
        "38964",
        "38992",
        "38970",
        "38962",
        "38979",
        "59375",
        "38993",
        "38988",
        "38986",
        "59378",
        "38990",
        "38960",
        "38953",
        "38980",
        "38954",
        "38981",
        "38984"
      ],
      "count": 28,
      "weight": 0.7777777777777778,
      "category": null,
      "specific_criteria": [
        "PRD Document"
      ]
    },
    "Comparative Analysis": {
      "display_name": "Comparative Analysis",
      "students": [
        "38989",
        "38959",
        "38951",
        "38952",
        "38955",
        "38982",
        "38950",
        "38964",
        "38970",
        "38979",
        "59375",
        "38993",
        "38988",
        "59378",
        "38960",
        "38953",
        "38980",
        "38954",
        "38981"
      ],
      "count": 19,
      "weight": 0.5277777777777778,
      "category": null,
      "specific_criteria": [
        "Comparative Analysis"
      ]
    },
    "Test Coverage Metrics": {
      "display_name": "Test Coverage Metrics",
      "students": [
        "38989",
        "38959",
        "59376",
        "38951",
        "38952",
        "59373",
        "38977",
        "38955",
        "38982",
        "38950",
        "38958",
        "38964",
        "38992",
        "38970",
        "38962",
        "38979",
        "59375",
        "38993",
        "38988",
        "38969",
        "38986",
        "59378",
        "38973",
        "38990",
        "38971",
        "38960",
        "38953",
        "38980",
        "38954",
        "38981",
        "38984"
      ],
      "count": 31,
      "weight": 0.8611111111111112,
      "category": null,
      "specific_criteria": [
        "Test Coverage Metrics"
      ]
    },
    "E2E Tests": {
      "display_name": "E2E Tests",
      "students": [
        "38958",
        "38980",
        "38979",
        "38964",
        "38954",
        "38950"
      ],
      "count": 6,
      "weight": 0.16666666666666666,
      "category": null,
      "specific_criteria": [
        "E2E Tests"
      ]
    },
    "Data Validation": {
      "display_name": "Data Validation",
      "students": [
        "38989",
        "38959",
        "59376",
        "38951",
        "38952",
        "59373",
        "38977",
        "38963",
        "38955",
        "38982",
        "38950",
        "38958",
        "38964",
        "38970",
        "38962",
        "38979",
        "59375",
        "38993",
        "38988",
        "38969",
        "59378",
        "38973",
        "38990",
        "38971",
        "38960",
        "38953",
        "38980",
        "38954",
        "38981",
        "38984"
      ],
      "count": 30,
      "weight": 0.8333333333333334,
      "category": null,
      "specific_criteria": [
        "Data Validation"
      ]
    },
    "Unit Tests": {
      "display_name": "Unit Tests",
      "students": [
        "38989",
        "38959",
        "59376",
        "38951",
        "38952",
        "59373",
        "38977",
        "38963",
        "38955",
        "38957",
        "38982",
        "38950",
        "38958",
        "38964",
        "38966",
        "38992",
        "38970",
        "38962",
        "38979",
        "59375",
        "38993",
        "38961",
        "38988",
        "38969",
        "38986",
        "59378",
        "38973",
        "38990",
        "38971",
        "38960",
        "38953",
        "38980",
        "38954",
        "38985",
        "38981",
        "38984"
      ],
      "count": 36,
      "weight": 1.0,
      "category": null,
      "specific_criteria": [
        "Unit Tests"
      ]
    },
    "Installation Instructions": {
      "display_name": "Installation Instructions",
      "students": [
        "38959",
        "59376",
        "38951",
        "38977",
        "38955",
        "38950",
        "38958",
        "38964",
        "38992",
        "38962",
        "38979",
        "59375",
        "38969",
        "38986",
        "59378",
        "38990",
        "38980",
        "38954",
        "38981",
        "38984"
      ],
      "count": 20,
      "weight": 0.5555555555555556,
      "category": null,
      "specific_criteria": [
        "Installation Instructions"
      ]
    },
    "Configuration Management": {
      "display_name": "Configuration Management",
      "students": [
        "38989",
        "38959",
        "59376",
        "38951",
        "38952",
        "59373",
        "38977",
        "38963",
        "38955",
        "38957",
        "38982",
        "38950",
        "38958",
        "38964",
        "38966",
        "38992",
        "38970",
        "38962",
        "38979",
        "59375",
        "38993",
        "38961",
        "38988",
        "38969",
        "38986",
        "59378",
        "38973",
        "38990",
        "38971",
        "38960",
        "38953",
        "38980",
        "38954",
        "38985",
        "38981",
        "38984"
      ],
      "count": 36,
      "weight": 1.0,
      "category": null,
      "specific_criteria": [
        "Configuration Management"
      ]
    },
    "Usage Guide": {
      "display_name": "Usage Guide",
      "students": [
        "38989",
        "59376",
        "38951",
        "38977",
        "38963",
        "38955",
        "38964",
        "38970",
        "38962",
        "38979",
        "38988",
        "38969",
        "59378",
        "38973",
        "38990",
        "38971",
        "38960",
        "38953",
        "38980",
        "38954",
        "38981",
        "38984"
      ],
      "count": 22,
      "weight": 0.6111111111111112,
      "category": null,
      "specific_criteria": [
        "Usage Guide"
      ]
    },
    "Testing Documentation": {
      "display_name": "Testing Documentation",
      "students": [
        "38959",
        "59376",
        "38951",
        "38952",
        "59373",
        "38977",
        "38963",
        "38955",
        "38982",
        "38964",
        "38992",
        "38962",
        "38979",
        "59375",
        "38993",
        "38969",
        "38986",
        "59378",
        "38990",
        "38980",
        "38954",
        "38981",
        "38984"
      ],
      "count": 23,
      "weight": 0.6388888888888888,
      "category": null,
      "specific_criteria": [
        "Testing Documentation"
      ]
    },
    "Statistical Analysis": {
      "display_name": "Statistical Analysis",